alpha,q_hat
0.1,-0.4288657
0.2,-0.071633816
0.3,-0.011113703
0.4,-0.0014762878
0.5,-0.00010788441
