alpha,q_hat
0.1,0.1310255
0.2,0.8349295
0.3,0.9694911
0.4,0.9937972
0.5,0.9985336
